A,468,7,25,32,39,28,42,37,44,24,63,6,9,3
C,0,1,6,5,8,0,0,6,4,9,4,7,2,3
D,0,1,119,13,33,34,33,35,9,39,6,3,447,8
E,0,0,38,10,14,11,12,13,8,10,12,3,9,1
F,0,0,4,14,19,14,16,20,24,22,20,269,4,20
G,6,10,125,84,85,82,111,76,48,97,85,16,20,3
H,0,1,16,15,6,5,2,5,6,11,17,4,8,16
I,1,2,5,27,16,18,27,19,14,6,11,18,1,46
K,0,113,6,11,11,8,2,2,3,5,2,2,0,2
L,0,1,29,46,27,23,32,31,31,14,12,73,4,30
M,0,2,6,7,6,3,9,5,4,4,2,57,0,1
N,1,3,10,17,9,27,17,18,20,44,10,5,3,8
P,1,0,17,49,26,21,12,20,39,24,44,8,1,43
Q,0,4,8,27,10,13,11,6,4,4,4,2,3,1
R,0,330,29,70,43,40,18,25,34,21,18,4,2,0
S,5,24,39,56,53,73,63,61,73,50,28,18,6,24
T,28,30,13,14,24,38,38,37,37,20,22,2,4,6
V,24,2,30,16,30,43,25,33,24,10,8,10,4,70
W,0,0,5,7,16,14,22,31,29,26,45,6,1,4
Y,0,3,4,14,59,39,42,54,79,94,121,21,6,245